name,description,condition,status,rateOption,rentalFee,replacementCost,freeToBorrow,whatItemOffers,whatIsIncluded,knownIssues,usageLimitations,thumbnailImage,photos,categories,tags,isTrending,viewCount,bookingCount,likeCount,lenderId,borrowerId,availability
Acoustic Guitar #001,Acoustic Guitar in fair condition.,FAIR,DEACTIVATED,PER_HOUR,153,5776,false,Reliable performance for school or home tasks.,"Main unit, charger/accessory kit, and carrying case.",,Return cleaned and on time; indoor use preferred.,https://picsum.photos/seed/item-1/640/480,"[""https://picsum.photos/seed/item-1/640/480"",""https://picsum.photos/seed/item-1-a/1024/768"",""https://picsum.photos/seed/item-1-b/1024/768""]","[""BOOKS""]","[""kitchen"",""weekend-use"",""project"",""sports""]",true,160,73,123,,,"[{""startDate"":""2026-03-11T02:50:23.195Z"",""endDate"":""2026-03-13T02:50:23.195Z"",""status"":""AVAILABLE""},{""startDate"":""2026-03-16T02:50:23.195Z"",""endDate"":""2026-03-20T02:50:23.195Z"",""status"":""AVAILABLE""}]"
Projector #002,Projector in new condition.,NEW,DEACTIVATED,PER_DAY,133,2120,false,Reliable performance for school or home tasks.,"Main unit, charger/accessory kit, and carrying case.",,Return cleaned and on time; indoor use preferred.,https://picsum.photos/seed/item-2/640/480,"[""https://picsum.photos/seed/item-2/640/480"",""https://picsum.photos/seed/item-2-a/1024/768"",""https://picsum.photos/seed/item-2-b/1024/768""]","[""SPORTS_OUTDOORS""]","[""sports"",""electronics""]",true,1509,1,34,,,"[{""startDate"":""2026-04-13T02:50:23.197Z"",""endDate"":""2026-04-15T02:50:23.197Z"",""status"":""AVAILABLE""},{""startDate"":""2026-04-18T02:50:23.197Z"",""endDate"":""2026-04-22T02:50:23.197Z"",""status"":""AVAILABLE""}]"
Portable Speaker #003,Portable Speaker in new condition.,NEW,AVAILABLE,PER_DAY,320,6111,false,Reliable performance for school or home tasks.,"Main unit, charger/accessory kit, and carrying case.",Minor cosmetic scratches.,Return cleaned and on time; indoor use preferred.,https://picsum.photos/seed/item-3/640/480,"[""https://picsum.photos/seed/item-3/640/480"",""https://picsum.photos/seed/item-3-a/1024/768"",""https://picsum.photos/seed/item-3-b/1024/768""]","[""BOOKS""]","[""kitchen"",""study""]",true,1381,61,79,,,"[{""startDate"":""2026-04-05T02:50:23.197Z"",""endDate"":""2026-04-07T02:50:23.197Z"",""status"":""AVAILABLE""},{""startDate"":""2026-04-10T02:50:23.197Z"",""endDate"":""2026-04-14T02:50:23.197Z"",""status"":""AVAILABLE""}]"
Wireless Microphone #004,Wireless Microphone in poor condition.,POOR,AVAILABLE,PER_DAY,110,5253,false,Reliable performance for school or home tasks.,"Main unit, charger/accessory kit, and carrying case.",,Return cleaned and on time; indoor use preferred.,https://picsum.photos/seed/item-4/640/480,"[""https://picsum.photos/seed/item-4/640/480"",""https://picsum.photos/seed/item-4-a/1024/768"",""https://picsum.photos/seed/item-4-b/1024/768""]","[""PET_SUPPLIES"",""OTHER"",""BOOKS""]","[""events"",""student-friendly""]",false,534,77,23,,,"[{""startDate"":""2026-03-26T02:50:23.197Z"",""endDate"":""2026-03-28T02:50:23.197Z"",""status"":""AVAILABLE""},{""startDate"":""2026-03-31T02:50:23.197Z"",""endDate"":""2026-04-04T02:50:23.197Z"",""status"":""AVAILABLE""}]"
Badminton Racket Set #005,Badminton Racket Set in fair condition.,FAIR,RENTED,PER_HOUR,30,8841,false,Reliable performance for school or home tasks.,"Main unit, charger/accessory kit, and carrying case.",,Return cleaned and on time; indoor use preferred.,https://picsum.photos/seed/item-5/640/480,"[""https://picsum.photos/seed/item-5/640/480"",""https://picsum.photos/seed/item-5-a/1024/768"",""https://picsum.photos/seed/item-5-b/1024/768""]","[""ELECTRONICS"",""VEHICLES_ACCESSORIES"",""SCHOOL_SUPPLIES""]","[""clean"",""portable"",""project""]",true,1951,40,52,,,"[{""startDate"":""2026-04-05T02:50:23.197Z"",""endDate"":""2026-04-07T02:50:23.197Z"",""status"":""AVAILABLE""},{""startDate"":""2026-04-10T02:50:23.197Z"",""endDate"":""2026-04-14T02:50:23.197Z"",""status"":""AVAILABLE""}]"
Graphic Tablet #006,Graphic Tablet in poor condition.,POOR,AVAILABLE,PER_DAY,36,12358,false,Reliable performance for school or home tasks.,"Main unit, charger/accessory kit, and carrying case.",,Return cleaned and on time; indoor use preferred.,https://picsum.photos/seed/item-6/640/480,"[""https://picsum.photos/seed/item-6/640/480"",""https://picsum.photos/seed/item-6-a/1024/768"",""https://picsum.photos/seed/item-6-b/1024/768""]","[""ELECTRONICS""]","[""weekend-use"",""home"",""events""]",true,661,31,137,,,"[{""startDate"":""2026-03-01T02:50:23.197Z"",""endDate"":""2026-03-03T02:50:23.197Z"",""status"":""AVAILABLE""},{""startDate"":""2026-03-06T02:50:23.197Z"",""endDate"":""2026-03-10T02:50:23.197Z"",""status"":""AVAILABLE""}]"
Graphic Tablet #007,Graphic Tablet in good condition.,GOOD,AVAILABLE,PER_DAY,338,7477,false,Reliable performance for school or home tasks.,"Main unit, charger/accessory kit, and carrying case.",,Return cleaned and on time; indoor use preferred.,https://picsum.photos/seed/item-7/640/480,"[""https://picsum.photos/seed/item-7/640/480"",""https://picsum.photos/seed/item-7-a/1024/768"",""https://picsum.photos/seed/item-7-b/1024/768""]","[""ELECTRONICS"",""VEHICLES_ACCESSORIES"",""HEALTH_BEAUTY""]","[""electronics"",""kitchen""]",true,2465,30,24,,,"[{""startDate"":""2026-03-04T02:50:23.197Z"",""endDate"":""2026-03-06T02:50:23.197Z"",""status"":""AVAILABLE""},{""startDate"":""2026-03-09T02:50:23.197Z"",""endDate"":""2026-03-13T02:50:23.197Z"",""status"":""AVAILABLE""}]"
Power Bank #008,Power Bank in like new condition.,LIKE_NEW,AVAILABLE,PER_DAY,283,5330,false,Reliable performance for school or home tasks.,"Main unit, charger/accessory kit, and carrying case.",,Return cleaned and on time; indoor use preferred.,https://picsum.photos/seed/item-8/640/480,"[""https://picsum.photos/seed/item-8/640/480"",""https://picsum.photos/seed/item-8-a/1024/768"",""https://picsum.photos/seed/item-8-b/1024/768""]","[""MUSIC_AUDIO"",""TOOLS""]","[""battery"",""clean""]",true,2438,26,23,,,"[{""startDate"":""2026-04-01T02:50:23.197Z"",""endDate"":""2026-04-03T02:50:23.197Z"",""status"":""AVAILABLE""},{""startDate"":""2026-04-06T02:50:23.197Z"",""endDate"":""2026-04-10T02:50:23.197Z"",""status"":""AVAILABLE""}]"
Digital Camera #009,Digital Camera in fair condition.,FAIR,AVAILABLE,PER_HOUR,177,6515,false,Reliable performance for school or home tasks.,"Main unit, charger/accessory kit, and carrying case.",,Return cleaned and on time; indoor use preferred.,https://picsum.photos/seed/item-9/640/480,"[""https://picsum.photos/seed/item-9/640/480"",""https://picsum.photos/seed/item-9-a/1024/768"",""https://picsum.photos/seed/item-9-b/1024/768""]","[""SPORTS_OUTDOORS""]","[""project"",""clean"",""events""]",true,1083,68,52,,,"[{""startDate"":""2026-03-19T02:50:23.197Z"",""endDate"":""2026-03-21T02:50:23.197Z"",""status"":""AVAILABLE""},{""startDate"":""2026-03-24T02:50:23.197Z"",""endDate"":""2026-03-28T02:50:23.197Z"",""status"":""AVAILABLE""}]"
Camping Tent #010,Camping Tent in fair condition.,FAIR,RENTED,PER_HOUR,204,1546,false,Reliable performance for school or home tasks.,"Main unit, charger/accessory kit, and carrying case.",Minor cosmetic scratches.,Return cleaned and on time; indoor use preferred.,https://picsum.photos/seed/item-10/640/480,"[""https://picsum.photos/seed/item-10/640/480"",""https://picsum.photos/seed/item-10-a/1024/768"",""https://picsum.photos/seed/item-10-b/1024/768""]","[""MUSIC_AUDIO"",""HOME_APPLIANCES"",""SCHOOL_SUPPLIES""]","[""tools"",""sports""]",true,1813,9,41,,,"[{""startDate"":""2026-03-24T02:50:23.197Z"",""endDate"":""2026-03-26T02:50:23.197Z"",""status"":""AVAILABLE""},{""startDate"":""2026-03-29T02:50:23.197Z"",""endDate"":""2026-04-02T02:50:23.197Z"",""status"":""AVAILABLE""}]"
Power Bank #011,Power Bank in poor condition.,POOR,AVAILABLE,PER_DAY,177,11549,false,Reliable performance for school or home tasks.,"Main unit, charger/accessory kit, and carrying case.",,Return cleaned and on time; indoor use preferred.,https://picsum.photos/seed/item-11/640/480,"[""https://picsum.photos/seed/item-11/640/480"",""https://picsum.photos/seed/item-11-a/1024/768"",""https://picsum.photos/seed/item-11-b/1024/768""]","[""VEHICLES_ACCESSORIES""]","[""campus"",""electronics"",""audio"",""portable""]",true,781,62,93,,,"[{""startDate"":""2026-03-18T02:50:23.197Z"",""endDate"":""2026-03-20T02:50:23.197Z"",""status"":""AVAILABLE""},{""startDate"":""2026-03-23T02:50:23.197Z"",""endDate"":""2026-03-27T02:50:23.197Z"",""status"":""AVAILABLE""}]"
Cordless Drill #012,Cordless Drill in poor condition.,POOR,AVAILABLE,PER_DAY,212,6680,false,Reliable performance for school or home tasks.,"Main unit, charger/accessory kit, and carrying case.",Minor cosmetic scratches.,Return cleaned and on time; indoor use preferred.,https://picsum.photos/seed/item-12/640/480,"[""https://picsum.photos/seed/item-12/640/480"",""https://picsum.photos/seed/item-12-a/1024/768"",""https://picsum.photos/seed/item-12-b/1024/768""]","[""TOYS_GAMES"",""OTHER"",""PET_SUPPLIES""]","[""tools"",""student-friendly"",""events"",""campus""]",true,1807,24,88,,,"[{""startDate"":""2026-03-07T02:50:23.197Z"",""endDate"":""2026-03-09T02:50:23.197Z"",""status"":""AVAILABLE""},{""startDate"":""2026-03-12T02:50:23.197Z"",""endDate"":""2026-03-16T02:50:23.197Z"",""status"":""AVAILABLE""}]"
Power Bank #013,Power Bank in new condition.,NEW,AVAILABLE,PER_HOUR,143,1651,false,Reliable performance for school or home tasks.,"Main unit, charger/accessory kit, and carrying case.",,Return cleaned and on time; indoor use preferred.,https://picsum.photos/seed/item-13/640/480,"[""https://picsum.photos/seed/item-13/640/480"",""https://picsum.photos/seed/item-13-a/1024/768"",""https://picsum.photos/seed/item-13-b/1024/768""]","[""SPORTS_OUTDOORS""]","[""audio"",""electronics"",""clean"",""tools""]",true,1162,62,71,,,"[{""startDate"":""2026-04-10T02:50:23.197Z"",""endDate"":""2026-04-12T02:50:23.197Z"",""status"":""AVAILABLE""},{""startDate"":""2026-04-15T02:50:23.197Z"",""endDate"":""2026-04-19T02:50:23.197Z"",""status"":""AVAILABLE""}]"
Soldering Kit #014,Soldering Kit in new condition.,NEW,AVAILABLE,PER_HOUR,37,9047,false,Reliable performance for school or home tasks.,"Main unit, charger/accessory kit, and carrying case.",Minor cosmetic scratches.,Return cleaned and on time; indoor use preferred.,https://picsum.photos/seed/item-14/640/480,"[""https://picsum.photos/seed/item-14/640/480"",""https://picsum.photos/seed/item-14-a/1024/768"",""https://picsum.photos/seed/item-14-b/1024/768""]","[""MUSIC_AUDIO""]","[""home"",""audio""]",true,1640,18,116,,,"[{""startDate"":""2026-04-01T02:50:23.197Z"",""endDate"":""2026-04-03T02:50:23.197Z"",""status"":""AVAILABLE""},{""startDate"":""2026-04-06T02:50:23.197Z"",""endDate"":""2026-04-10T02:50:23.197Z"",""status"":""AVAILABLE""}]"
Power Bank #015,Power Bank in poor condition.,POOR,RENTED,PER_HOUR,58,6028,false,Reliable performance for school or home tasks.,"Main unit, charger/accessory kit, and carrying case.",Minor cosmetic scratches.,Return cleaned and on time; indoor use preferred.,https://picsum.photos/seed/item-15/640/480,"[""https://picsum.photos/seed/item-15/640/480"",""https://picsum.photos/seed/item-15-a/1024/768"",""https://picsum.photos/seed/item-15-b/1024/768""]","[""TOOLS"",""OTHER"",""VEHICLES_ACCESSORIES""]","[""events"",""sports""]",true,1781,6,103,,,"[{""startDate"":""2026-03-18T02:50:23.197Z"",""endDate"":""2026-03-20T02:50:23.197Z"",""status"":""AVAILABLE""},{""startDate"":""2026-03-23T02:50:23.197Z"",""endDate"":""2026-03-27T02:50:23.197Z"",""status"":""AVAILABLE""}]"
Toolbox Set #016,Toolbox Set in poor condition.,POOR,AVAILABLE,PER_HOUR,323,7143,false,Reliable performance for school or home tasks.,"Main unit, charger/accessory kit, and carrying case.",Minor cosmetic scratches.,Return cleaned and on time; indoor use preferred.,https://picsum.photos/seed/item-16/640/480,"[""https://picsum.photos/seed/item-16/640/480"",""https://picsum.photos/seed/item-16-a/1024/768"",""https://picsum.photos/seed/item-16-b/1024/768""]","[""HOME_APPLIANCES""]","[""home"",""tools"",""project""]",true,2045,64,112,,,"[{""startDate"":""2026-03-10T02:50:23.197Z"",""endDate"":""2026-03-12T02:50:23.197Z"",""status"":""AVAILABLE""},{""startDate"":""2026-03-15T02:50:23.197Z"",""endDate"":""2026-03-19T02:50:23.197Z"",""status"":""AVAILABLE""}]"
Mountain Bike #017,Mountain Bike in like new condition.,LIKE_NEW,AVAILABLE,PER_DAY,321,7845,false,Reliable performance for school or home tasks.,"Main unit, charger/accessory kit, and carrying case.",,Return cleaned and on time; indoor use preferred.,https://picsum.photos/seed/item-17/640/480,"[""https://picsum.photos/seed/item-17/640/480"",""https://picsum.photos/seed/item-17-a/1024/768"",""https://picsum.photos/seed/item-17-b/1024/768""]","[""VEHICLES_ACCESSORIES"",""TOYS_GAMES"",""PET_SUPPLIES""]","[""sports"",""portable""]",false,196,63,52,,,"[{""startDate"":""2026-03-30T02:50:23.197Z"",""endDate"":""2026-04-01T02:50:23.197Z"",""status"":""AVAILABLE""},{""startDate"":""2026-04-04T02:50:23.197Z"",""endDate"":""2026-04-08T02:50:23.197Z"",""status"":""AVAILABLE""}]"
Acoustic Guitar #018,Acoustic Guitar in like new condition.,LIKE_NEW,AVAILABLE,PER_DAY,96,8233,false,Reliable performance for school or home tasks.,"Main unit, charger/accessory kit, and carrying case.",,Return cleaned and on time; indoor use preferred.,https://picsum.photos/seed/item-18/640/480,"[""https://picsum.photos/seed/item-18/640/480"",""https://picsum.photos/seed/item-18-a/1024/768"",""https://picsum.photos/seed/item-18-b/1024/768""]","[""MUSIC_AUDIO"",""BOOKS""]","[""study"",""battery"",""project""]",false,359,38,4,,,"[{""startDate"":""2026-03-19T02:50:23.197Z"",""endDate"":""2026-03-21T02:50:23.197Z"",""status"":""AVAILABLE""},{""startDate"":""2026-03-24T02:50:23.197Z"",""endDate"":""2026-03-28T02:50:23.197Z"",""status"":""AVAILABLE""}]"
Sewing Machine #019,Sewing Machine in poor condition.,POOR,AVAILABLE,PER_DAY,0,2322,true,Reliable performance for school or home tasks.,"Main unit, charger/accessory kit, and carrying case.",Minor cosmetic scratches.,Return cleaned and on time; indoor use preferred.,https://picsum.photos/seed/item-19/640/480,"[""https://picsum.photos/seed/item-19/640/480"",""https://picsum.photos/seed/item-19-a/1024/768"",""https://picsum.photos/seed/item-19-b/1024/768""]","[""FURNITURE"",""HEALTH_BEAUTY""]","[""student-friendly"",""audio""]",true,1127,19,104,,,"[{""startDate"":""2026-03-06T02:50:23.197Z"",""endDate"":""2026-03-08T02:50:23.197Z"",""status"":""AVAILABLE""},{""startDate"":""2026-03-11T02:50:23.197Z"",""endDate"":""2026-03-15T02:50:23.197Z"",""status"":""AVAILABLE""}]"
Cordless Drill #020,Cordless Drill in fair condition.,FAIR,RENTED,PER_HOUR,38,5157,false,Reliable performance for school or home tasks.,"Main unit, charger/accessory kit, and carrying case.",,Return cleaned and on time; indoor use preferred.,https://picsum.photos/seed/item-20/640/480,"[""https://picsum.photos/seed/item-20/640/480"",""https://picsum.photos/seed/item-20-a/1024/768"",""https://picsum.photos/seed/item-20-b/1024/768""]","[""FURNITURE"",""MUSIC_AUDIO""]","[""campus"",""tools"",""battery""]",false,371,51,52,,,"[{""startDate"":""2026-03-20T02:50:23.197Z"",""endDate"":""2026-03-22T02:50:23.197Z"",""status"":""AVAILABLE""},{""startDate"":""2026-03-25T02:50:23.197Z"",""endDate"":""2026-03-29T02:50:23.197Z"",""status"":""AVAILABLE""}]"
Power Bank #021,Power Bank in good condition.,GOOD,AVAILABLE,PER_HOUR,152,5423,false,Reliable performance for school or home tasks.,"Main unit, charger/accessory kit, and carrying case.",,Return cleaned and on time; indoor use preferred.,https://picsum.photos/seed/item-21/640/480,"[""https://picsum.photos/seed/item-21/640/480"",""https://picsum.photos/seed/item-21-a/1024/768"",""https://picsum.photos/seed/item-21-b/1024/768""]","[""FURNITURE"",""OTHER""]","[""home"",""student-friendly"",""study""]",true,1271,73,30,,,"[{""startDate"":""2026-03-15T02:50:23.197Z"",""endDate"":""2026-03-17T02:50:23.197Z"",""status"":""AVAILABLE""},{""startDate"":""2026-03-20T02:50:23.197Z"",""endDate"":""2026-03-24T02:50:23.197Z"",""status"":""AVAILABLE""}]"
Office Chair #022,Office Chair in poor condition.,POOR,RENTED,PER_HOUR,216,11682,false,Reliable performance for school or home tasks.,"Main unit, charger/accessory kit, and carrying case.",Minor cosmetic scratches.,Return cleaned and on time; indoor use preferred.,https://picsum.photos/seed/item-22/640/480,"[""https://picsum.photos/seed/item-22/640/480"",""https://picsum.photos/seed/item-22-a/1024/768"",""https://picsum.photos/seed/item-22-b/1024/768""]","[""BOOKS""]","[""sports"",""events"",""portable""]",true,955,75,84,,,"[{""startDate"":""2026-03-12T02:50:23.197Z"",""endDate"":""2026-03-14T02:50:23.197Z"",""status"":""AVAILABLE""},{""startDate"":""2026-03-17T02:50:23.197Z"",""endDate"":""2026-03-21T02:50:23.197Z"",""status"":""AVAILABLE""}]"
Soldering Kit #023,Soldering Kit in good condition.,GOOD,AVAILABLE,PER_DAY,0,11243,true,Reliable performance for school or home tasks.,"Main unit, charger/accessory kit, and carrying case.",,Return cleaned and on time; indoor use preferred.,https://picsum.photos/seed/item-23/640/480,"[""https://picsum.photos/seed/item-23/640/480"",""https://picsum.photos/seed/item-23-a/1024/768"",""https://picsum.photos/seed/item-23-b/1024/768""]","[""TOOLS""]","[""clean"",""events""]",true,1461,14,22,,,"[{""startDate"":""2026-03-31T02:50:23.197Z"",""endDate"":""2026-04-02T02:50:23.197Z"",""status"":""AVAILABLE""},{""startDate"":""2026-04-05T02:50:23.197Z"",""endDate"":""2026-04-09T02:50:23.197Z"",""status"":""AVAILABLE""}]"
Badminton Racket Set #024,Badminton Racket Set in poor condition.,POOR,AVAILABLE,PER_HOUR,32,1245,false,Reliable performance for school or home tasks.,"Main unit, charger/accessory kit, and carrying case.",,Return cleaned and on time; indoor use preferred.,https://picsum.photos/seed/item-24/640/480,"[""https://picsum.photos/seed/item-24/640/480"",""https://picsum.photos/seed/item-24-a/1024/768"",""https://picsum.photos/seed/item-24-b/1024/768""]","[""TOOLS"",""TOYS_GAMES"",""OTHER""]","[""campus"",""portable""]",true,2026,67,21,,,"[{""startDate"":""2026-04-05T02:50:23.197Z"",""endDate"":""2026-04-07T02:50:23.197Z"",""status"":""AVAILABLE""},{""startDate"":""2026-04-10T02:50:23.197Z"",""endDate"":""2026-04-14T02:50:23.197Z"",""status"":""AVAILABLE""}]"
Digital Camera #025,Digital Camera in poor condition.,POOR,AVAILABLE,PER_HOUR,263,4072,false,Reliable performance for school or home tasks.,"Main unit, charger/accessory kit, and carrying case.",,Return cleaned and on time; indoor use preferred.,https://picsum.photos/seed/item-25/640/480,"[""https://picsum.photos/seed/item-25/640/480"",""https://picsum.photos/seed/item-25-a/1024/768"",""https://picsum.photos/seed/item-25-b/1024/768""]","[""TOOLS""]","[""home"",""electronics""]",true,1334,78,101,,,"[{""startDate"":""2026-04-02T02:50:23.197Z"",""endDate"":""2026-04-04T02:50:23.197Z"",""status"":""AVAILABLE""},{""startDate"":""2026-04-07T02:50:23.197Z"",""endDate"":""2026-04-11T02:50:23.197Z"",""status"":""AVAILABLE""}]"
Study Lamp #026,Study Lamp in like new condition.,LIKE_NEW,RENTED,PER_DAY,273,11420,false,Reliable performance for school or home tasks.,"Main unit, charger/accessory kit, and carrying case.",,Return cleaned and on time; indoor use preferred.,https://picsum.photos/seed/item-26/640/480,"[""https://picsum.photos/seed/item-26/640/480"",""https://picsum.photos/seed/item-26-a/1024/768"",""https://picsum.photos/seed/item-26-b/1024/768""]","[""TOYS_GAMES"",""TOOLS"",""CLOTHING""]","[""events"",""campus""]",true,97,68,141,,,"[{""startDate"":""2026-03-26T02:50:23.197Z"",""endDate"":""2026-03-28T02:50:23.197Z"",""status"":""AVAILABLE""},{""startDate"":""2026-03-31T02:50:23.197Z"",""endDate"":""2026-04-04T02:50:23.197Z"",""status"":""AVAILABLE""}]"
Whiteboard Stand #027,Whiteboard Stand in good condition.,GOOD,DEACTIVATED,PER_DAY,240,2284,false,Reliable performance for school or home tasks.,"Main unit, charger/accessory kit, and carrying case.",,Return cleaned and on time; indoor use preferred.,https://picsum.photos/seed/item-27/640/480,"[""https://picsum.photos/seed/item-27/640/480"",""https://picsum.photos/seed/item-27-a/1024/768"",""https://picsum.photos/seed/item-27-b/1024/768""]","[""HEALTH_BEAUTY"",""CLOTHING"",""OTHER""]","[""tools"",""electronics"",""portable"",""kitchen""]",true,1922,51,141,,,"[{""startDate"":""2026-03-21T02:50:23.197Z"",""endDate"":""2026-03-23T02:50:23.197Z"",""status"":""AVAILABLE""},{""startDate"":""2026-03-26T02:50:23.197Z"",""endDate"":""2026-03-30T02:50:23.197Z"",""status"":""AVAILABLE""}]"
Stand Mixer #028,Stand Mixer in new condition.,NEW,DEACTIVATED,PER_HOUR,55,5222,false,Reliable performance for school or home tasks.,"Main unit, charger/accessory kit, and carrying case.",,Return cleaned and on time; indoor use preferred.,https://picsum.photos/seed/item-28/640/480,"[""https://picsum.photos/seed/item-28/640/480"",""https://picsum.photos/seed/item-28-a/1024/768"",""https://picsum.photos/seed/item-28-b/1024/768""]","[""FURNITURE"",""SPORTS_OUTDOORS"",""BOOKS""]","[""electronics"",""study"",""events""]",true,1271,53,34,,,"[{""startDate"":""2026-03-18T02:50:23.198Z"",""endDate"":""2026-03-20T02:50:23.198Z"",""status"":""AVAILABLE""},{""startDate"":""2026-03-23T02:50:23.198Z"",""endDate"":""2026-03-27T02:50:23.198Z"",""status"":""AVAILABLE""}]"
Camping Tent #029,Camping Tent in good condition.,GOOD,DEACTIVATED,PER_HOUR,293,8504,false,Reliable performance for school or home tasks.,"Main unit, charger/accessory kit, and carrying case.",Minor cosmetic scratches.,Return cleaned and on time; indoor use preferred.,https://picsum.photos/seed/item-29/640/480,"[""https://picsum.photos/seed/item-29/640/480"",""https://picsum.photos/seed/item-29-a/1024/768"",""https://picsum.photos/seed/item-29-b/1024/768""]","[""SPORTS_OUTDOORS"",""HOME_APPLIANCES""]","[""home"",""electronics"",""study"",""clean""]",true,1995,25,22,,,"[{""startDate"":""2026-03-24T02:50:23.198Z"",""endDate"":""2026-03-26T02:50:23.198Z"",""status"":""AVAILABLE""},{""startDate"":""2026-03-29T02:50:23.198Z"",""endDate"":""2026-04-02T02:50:23.198Z"",""status"":""AVAILABLE""}]"
Digital Camera #030,Digital Camera in fair condition.,FAIR,AVAILABLE,PER_DAY,0,1091,true,Reliable performance for school or home tasks.,"Main unit, charger/accessory kit, and carrying case.",,Return cleaned and on time; indoor use preferred.,https://picsum.photos/seed/item-30/640/480,"[""https://picsum.photos/seed/item-30/640/480"",""https://picsum.photos/seed/item-30-a/1024/768"",""https://picsum.photos/seed/item-30-b/1024/768""]","[""VEHICLES_ACCESSORIES"",""TOOLS"",""SCHOOL_SUPPLIES""]","[""project"",""study"",""events"",""battery""]",true,2206,62,83,,,"[{""startDate"":""2026-03-27T02:50:23.198Z"",""endDate"":""2026-03-29T02:50:23.198Z"",""status"":""AVAILABLE""},{""startDate"":""2026-04-01T02:50:23.198Z"",""endDate"":""2026-04-05T02:50:23.198Z"",""status"":""AVAILABLE""}]"
Wireless Microphone #031,Wireless Microphone in poor condition.,POOR,AVAILABLE,PER_HOUR,186,7755,false,Reliable performance for school or home tasks.,"Main unit, charger/accessory kit, and carrying case.",,Return cleaned and on time; indoor use preferred.,https://picsum.photos/seed/item-31/640/480,"[""https://picsum.photos/seed/item-31/640/480"",""https://picsum.photos/seed/item-31-a/1024/768"",""https://picsum.photos/seed/item-31-b/1024/768""]","[""PET_SUPPLIES""]","[""tools"",""battery""]",true,1710,70,36,,,"[{""startDate"":""2026-03-11T02:50:23.198Z"",""endDate"":""2026-03-13T02:50:23.198Z"",""status"":""AVAILABLE""},{""startDate"":""2026-03-16T02:50:23.198Z"",""endDate"":""2026-03-20T02:50:23.198Z"",""status"":""AVAILABLE""}]"
Badminton Racket Set #032,Badminton Racket Set in new condition.,NEW,DEACTIVATED,PER_DAY,292,9959,false,Reliable performance for school or home tasks.,"Main unit, charger/accessory kit, and carrying case.",,Return cleaned and on time; indoor use preferred.,https://picsum.photos/seed/item-32/640/480,"[""https://picsum.photos/seed/item-32/640/480"",""https://picsum.photos/seed/item-32-a/1024/768"",""https://picsum.photos/seed/item-32-b/1024/768""]","[""TOOLS""]","[""study"",""student-friendly"",""clean"",""home""]",true,1646,74,104,,,"[{""startDate"":""2026-03-03T02:50:23.198Z"",""endDate"":""2026-03-05T02:50:23.198Z"",""status"":""AVAILABLE""},{""startDate"":""2026-03-08T02:50:23.198Z"",""endDate"":""2026-03-12T02:50:23.198Z"",""status"":""AVAILABLE""}]"
Mountain Bike #033,Mountain Bike in fair condition.,FAIR,AVAILABLE,PER_HOUR,121,3987,false,Reliable performance for school or home tasks.,"Main unit, charger/accessory kit, and carrying case.",Minor cosmetic scratches.,Return cleaned and on time; indoor use preferred.,https://picsum.photos/seed/item-33/640/480,"[""https://picsum.photos/seed/item-33/640/480"",""https://picsum.photos/seed/item-33-a/1024/768"",""https://picsum.photos/seed/item-33-b/1024/768""]","[""TOOLS"",""FURNITURE"",""HEALTH_BEAUTY""]","[""student-friendly"",""tools"",""home"",""study""]",true,2310,8,141,,,"[{""startDate"":""2026-03-31T02:50:23.198Z"",""endDate"":""2026-04-02T02:50:23.198Z"",""status"":""AVAILABLE""},{""startDate"":""2026-04-05T02:50:23.198Z"",""endDate"":""2026-04-09T02:50:23.198Z"",""status"":""AVAILABLE""}]"
Badminton Racket Set #034,Badminton Racket Set in fair condition.,FAIR,AVAILABLE,PER_DAY,158,9877,false,Reliable performance for school or home tasks.,"Main unit, charger/accessory kit, and carrying case.",,Return cleaned and on time; indoor use preferred.,https://picsum.photos/seed/item-34/640/480,"[""https://picsum.photos/seed/item-34/640/480"",""https://picsum.photos/seed/item-34-a/1024/768"",""https://picsum.photos/seed/item-34-b/1024/768""]","[""SCHOOL_SUPPLIES""]","[""portable"",""home""]",true,1130,1,117,,,"[{""startDate"":""2026-03-25T02:50:23.198Z"",""endDate"":""2026-03-27T02:50:23.198Z"",""status"":""AVAILABLE""},{""startDate"":""2026-03-30T02:50:23.198Z"",""endDate"":""2026-04-03T02:50:23.198Z"",""status"":""AVAILABLE""}]"
Cordless Drill #035,Cordless Drill in fair condition.,FAIR,AVAILABLE,PER_HOUR,290,9390,false,Reliable performance for school or home tasks.,"Main unit, charger/accessory kit, and carrying case.",Minor cosmetic scratches.,Return cleaned and on time; indoor use preferred.,https://picsum.photos/seed/item-35/640/480,"[""https://picsum.photos/seed/item-35/640/480"",""https://picsum.photos/seed/item-35-a/1024/768"",""https://picsum.photos/seed/item-35-b/1024/768""]","[""SCHOOL_SUPPLIES"",""VEHICLES_ACCESSORIES""]","[""campus"",""audio""]",true,977,78,39,,,"[{""startDate"":""2026-03-25T02:50:23.198Z"",""endDate"":""2026-03-27T02:50:23.198Z"",""status"":""AVAILABLE""},{""startDate"":""2026-03-30T02:50:23.198Z"",""endDate"":""2026-04-03T02:50:23.198Z"",""status"":""AVAILABLE""}]"
Microwave Oven #036,Microwave Oven in good condition.,GOOD,AVAILABLE,PER_HOUR,88,10355,false,Reliable performance for school or home tasks.,"Main unit, charger/accessory kit, and carrying case.",,Return cleaned and on time; indoor use preferred.,https://picsum.photos/seed/item-36/640/480,"[""https://picsum.photos/seed/item-36/640/480"",""https://picsum.photos/seed/item-36-a/1024/768"",""https://picsum.photos/seed/item-36-b/1024/768""]","[""HEALTH_BEAUTY"",""PET_SUPPLIES""]","[""tools"",""clean"",""sports"",""weekend-use""]",true,2212,65,15,,,"[{""startDate"":""2026-03-05T02:50:23.198Z"",""endDate"":""2026-03-07T02:50:23.198Z"",""status"":""AVAILABLE""},{""startDate"":""2026-03-10T02:50:23.198Z"",""endDate"":""2026-03-14T02:50:23.198Z"",""status"":""AVAILABLE""}]"
Office Chair #037,Office Chair in new condition.,NEW,AVAILABLE,PER_DAY,131,2537,false,Reliable performance for school or home tasks.,"Main unit, charger/accessory kit, and carrying case.",Minor cosmetic scratches.,Return cleaned and on time; indoor use preferred.,https://picsum.photos/seed/item-37/640/480,"[""https://picsum.photos/seed/item-37/640/480"",""https://picsum.photos/seed/item-37-a/1024/768"",""https://picsum.photos/seed/item-37-b/1024/768""]","[""OTHER""]","[""battery"",""weekend-use"",""audio"",""kitchen""]",false,693,31,7,,,"[{""startDate"":""2026-04-10T02:50:23.198Z"",""endDate"":""2026-04-12T02:50:23.198Z"",""status"":""AVAILABLE""},{""startDate"":""2026-04-15T02:50:23.198Z"",""endDate"":""2026-04-19T02:50:23.198Z"",""status"":""AVAILABLE""}]"
Digital Camera #038,Digital Camera in poor condition.,POOR,DEACTIVATED,PER_DAY,137,7979,false,Reliable performance for school or home tasks.,"Main unit, charger/accessory kit, and carrying case.",Minor cosmetic scratches.,Return cleaned and on time; indoor use preferred.,https://picsum.photos/seed/item-38/640/480,"[""https://picsum.photos/seed/item-38/640/480"",""https://picsum.photos/seed/item-38-a/1024/768"",""https://picsum.photos/seed/item-38-b/1024/768""]","[""SCHOOL_SUPPLIES"",""HEALTH_BEAUTY""]","[""portable"",""clean"",""audio"",""kitchen""]",true,1330,27,17,,,"[{""startDate"":""2026-04-11T02:50:23.198Z"",""endDate"":""2026-04-13T02:50:23.198Z"",""status"":""AVAILABLE""},{""startDate"":""2026-04-16T02:50:23.198Z"",""endDate"":""2026-04-20T02:50:23.198Z"",""status"":""AVAILABLE""}]"
Acoustic Guitar #039,Acoustic Guitar in poor condition.,POOR,RENTED,PER_DAY,75,6371,false,Reliable performance for school or home tasks.,"Main unit, charger/accessory kit, and carrying case.",Minor cosmetic scratches.,Return cleaned and on time; indoor use preferred.,https://picsum.photos/seed/item-39/640/480,"[""https://picsum.photos/seed/item-39/640/480"",""https://picsum.photos/seed/item-39-a/1024/768"",""https://picsum.photos/seed/item-39-b/1024/768""]","[""SCHOOL_SUPPLIES"",""ELECTRONICS"",""MUSIC_AUDIO""]","[""sports"",""tools"",""weekend-use"",""clean""]",true,1670,40,35,,,"[{""startDate"":""2026-04-14T02:50:23.198Z"",""endDate"":""2026-04-16T02:50:23.198Z"",""status"":""AVAILABLE""},{""startDate"":""2026-04-19T02:50:23.198Z"",""endDate"":""2026-04-23T02:50:23.198Z"",""status"":""AVAILABLE""}]"
Portable Speaker #040,Portable Speaker in fair condition.,FAIR,AVAILABLE,PER_DAY,105,5352,false,Reliable performance for school or home tasks.,"Main unit, charger/accessory kit, and carrying case.",,Return cleaned and on time; indoor use preferred.,https://picsum.photos/seed/item-40/640/480,"[""https://picsum.photos/seed/item-40/640/480"",""https://picsum.photos/seed/item-40-a/1024/768"",""https://picsum.photos/seed/item-40-b/1024/768""]","[""CLOTHING""]","[""clean"",""battery"",""sports"",""tools""]",true,1647,12,5,,,"[{""startDate"":""2026-04-06T02:50:23.198Z"",""endDate"":""2026-04-08T02:50:23.198Z"",""status"":""AVAILABLE""},{""startDate"":""2026-04-11T02:50:23.198Z"",""endDate"":""2026-04-15T02:50:23.198Z"",""status"":""AVAILABLE""}]"
Wireless Microphone #041,Wireless Microphone in new condition.,NEW,AVAILABLE,PER_HOUR,324,8614,false,Reliable performance for school or home tasks.,"Main unit, charger/accessory kit, and carrying case.",,Return cleaned and on time; indoor use preferred.,https://picsum.photos/seed/item-41/640/480,"[""https://picsum.photos/seed/item-41/640/480"",""https://picsum.photos/seed/item-41-a/1024/768"",""https://picsum.photos/seed/item-41-b/1024/768""]","[""CLOTHING"",""FURNITURE""]","[""campus"",""project""]",true,1258,36,12,,,"[{""startDate"":""2026-03-10T02:50:23.198Z"",""endDate"":""2026-03-12T02:50:23.198Z"",""status"":""AVAILABLE""},{""startDate"":""2026-03-15T02:50:23.198Z"",""endDate"":""2026-03-19T02:50:23.198Z"",""status"":""AVAILABLE""}]"
Pressure Washer #042,Pressure Washer in like new condition.,LIKE_NEW,RENTED,PER_DAY,0,10042,true,Reliable performance for school or home tasks.,"Main unit, charger/accessory kit, and carrying case.",Minor cosmetic scratches.,Return cleaned and on time; indoor use preferred.,https://picsum.photos/seed/item-42/640/480,"[""https://picsum.photos/seed/item-42/640/480"",""https://picsum.photos/seed/item-42-a/1024/768"",""https://picsum.photos/seed/item-42-b/1024/768""]","[""SPORTS_OUTDOORS"",""OTHER""]","[""portable"",""kitchen"",""student-friendly"",""electronics""]",true,22,38,115,,,"[{""startDate"":""2026-03-05T02:50:23.198Z"",""endDate"":""2026-03-07T02:50:23.198Z"",""status"":""AVAILABLE""},{""startDate"":""2026-03-10T02:50:23.198Z"",""endDate"":""2026-03-14T02:50:23.198Z"",""status"":""AVAILABLE""}]"
Microwave Oven #043,Microwave Oven in new condition.,NEW,AVAILABLE,PER_DAY,324,9829,false,Reliable performance for school or home tasks.,"Main unit, charger/accessory kit, and carrying case.",,Return cleaned and on time; indoor use preferred.,https://picsum.photos/seed/item-43/640/480,"[""https://picsum.photos/seed/item-43/640/480"",""https://picsum.photos/seed/item-43-a/1024/768"",""https://picsum.photos/seed/item-43-b/1024/768""]","[""VEHICLES_ACCESSORIES"",""TOOLS""]","[""audio"",""project"",""study"",""sports""]",true,268,66,87,,,"[{""startDate"":""2026-03-18T02:50:23.198Z"",""endDate"":""2026-03-20T02:50:23.198Z"",""status"":""AVAILABLE""},{""startDate"":""2026-03-23T02:50:23.198Z"",""endDate"":""2026-03-27T02:50:23.198Z"",""status"":""AVAILABLE""}]"
Projector #044,Projector in poor condition.,POOR,AVAILABLE,PER_DAY,91,4792,false,Reliable performance for school or home tasks.,"Main unit, charger/accessory kit, and carrying case.",,Return cleaned and on time; indoor use preferred.,https://picsum.photos/seed/item-44/640/480,"[""https://picsum.photos/seed/item-44/640/480"",""https://picsum.photos/seed/item-44-a/1024/768"",""https://picsum.photos/seed/item-44-b/1024/768""]","[""OTHER"",""MUSIC_AUDIO"",""TOYS_GAMES""]","[""home"",""electronics"",""weekend-use""]",true,85,49,132,,,"[{""startDate"":""2026-04-04T02:50:23.198Z"",""endDate"":""2026-04-06T02:50:23.198Z"",""status"":""AVAILABLE""},{""startDate"":""2026-04-09T02:50:23.198Z"",""endDate"":""2026-04-13T02:50:23.198Z"",""status"":""AVAILABLE""}]"
Graphic Tablet #045,Graphic Tablet in like new condition.,LIKE_NEW,AVAILABLE,PER_HOUR,181,7670,false,Reliable performance for school or home tasks.,"Main unit, charger/accessory kit, and carrying case.",Minor cosmetic scratches.,Return cleaned and on time; indoor use preferred.,https://picsum.photos/seed/item-45/640/480,"[""https://picsum.photos/seed/item-45/640/480"",""https://picsum.photos/seed/item-45-a/1024/768"",""https://picsum.photos/seed/item-45-b/1024/768""]","[""ELECTRONICS"",""CLOTHING"",""PET_SUPPLIES""]","[""tools"",""student-friendly"",""events"",""audio""]",true,2197,47,101,,,"[{""startDate"":""2026-04-06T02:50:23.198Z"",""endDate"":""2026-04-08T02:50:23.198Z"",""status"":""AVAILABLE""},{""startDate"":""2026-04-11T02:50:23.198Z"",""endDate"":""2026-04-15T02:50:23.198Z"",""status"":""AVAILABLE""}]"
Stand Mixer #046,Stand Mixer in like new condition.,LIKE_NEW,AVAILABLE,PER_DAY,340,12244,false,Reliable performance for school or home tasks.,"Main unit, charger/accessory kit, and carrying case.",,Return cleaned and on time; indoor use preferred.,https://picsum.photos/seed/item-46/640/480,"[""https://picsum.photos/seed/item-46/640/480"",""https://picsum.photos/seed/item-46-a/1024/768"",""https://picsum.photos/seed/item-46-b/1024/768""]","[""TOOLS""]","[""battery"",""sports"",""weekend-use""]",true,879,62,118,,,"[{""startDate"":""2026-04-12T02:50:23.198Z"",""endDate"":""2026-04-14T02:50:23.198Z"",""status"":""AVAILABLE""},{""startDate"":""2026-04-17T02:50:23.198Z"",""endDate"":""2026-04-21T02:50:23.198Z"",""status"":""AVAILABLE""}]"
Microwave Oven #047,Microwave Oven in new condition.,NEW,AVAILABLE,PER_DAY,108,1930,false,Reliable performance for school or home tasks.,"Main unit, charger/accessory kit, and carrying case.",,Return cleaned and on time; indoor use preferred.,https://picsum.photos/seed/item-47/640/480,"[""https://picsum.photos/seed/item-47/640/480"",""https://picsum.photos/seed/item-47-a/1024/768"",""https://picsum.photos/seed/item-47-b/1024/768""]","[""OTHER"",""HOME_APPLIANCES""]","[""clean"",""campus""]",true,2170,32,113,,,"[{""startDate"":""2026-03-13T02:50:23.198Z"",""endDate"":""2026-03-15T02:50:23.198Z"",""status"":""AVAILABLE""},{""startDate"":""2026-03-18T02:50:23.198Z"",""endDate"":""2026-03-22T02:50:23.198Z"",""status"":""AVAILABLE""}]"
Toolbox Set #048,Toolbox Set in like new condition.,LIKE_NEW,AVAILABLE,PER_DAY,87,10566,false,Reliable performance for school or home tasks.,"Main unit, charger/accessory kit, and carrying case.",,Return cleaned and on time; indoor use preferred.,https://picsum.photos/seed/item-48/640/480,"[""https://picsum.photos/seed/item-48/640/480"",""https://picsum.photos/seed/item-48-a/1024/768"",""https://picsum.photos/seed/item-48-b/1024/768""]","[""HEALTH_BEAUTY""]","[""events"",""weekend-use""]",true,2040,65,93,,,"[{""startDate"":""2026-03-30T02:50:23.198Z"",""endDate"":""2026-04-01T02:50:23.198Z"",""status"":""AVAILABLE""},{""startDate"":""2026-04-04T02:50:23.198Z"",""endDate"":""2026-04-08T02:50:23.198Z"",""status"":""AVAILABLE""}]"
Power Bank #049,Power Bank in fair condition.,FAIR,DEACTIVATED,PER_DAY,206,9211,false,Reliable performance for school or home tasks.,"Main unit, charger/accessory kit, and carrying case.",Minor cosmetic scratches.,Return cleaned and on time; indoor use preferred.,https://picsum.photos/seed/item-49/640/480,"[""https://picsum.photos/seed/item-49/640/480"",""https://picsum.photos/seed/item-49-a/1024/768"",""https://picsum.photos/seed/item-49-b/1024/768""]","[""SPORTS_OUTDOORS"",""VEHICLES_ACCESSORIES"",""ELECTRONICS""]","[""campus"",""kitchen""]",true,1420,75,29,,,"[{""startDate"":""2026-04-04T02:50:23.198Z"",""endDate"":""2026-04-06T02:50:23.198Z"",""status"":""AVAILABLE""},{""startDate"":""2026-04-09T02:50:23.198Z"",""endDate"":""2026-04-13T02:50:23.198Z"",""status"":""AVAILABLE""}]"
Power Bank #050,Power Bank in fair condition.,FAIR,AVAILABLE,PER_HOUR,64,3453,false,Reliable performance for school or home tasks.,"Main unit, charger/accessory kit, and carrying case.",,Return cleaned and on time; indoor use preferred.,https://picsum.photos/seed/item-50/640/480,"[""https://picsum.photos/seed/item-50/640/480"",""https://picsum.photos/seed/item-50-a/1024/768"",""https://picsum.photos/seed/item-50-b/1024/768""]","[""SPORTS_OUTDOORS""]","[""student-friendly"",""battery"",""audio"",""events""]",true,829,66,142,,,"[{""startDate"":""2026-04-12T02:50:23.198Z"",""endDate"":""2026-04-14T02:50:23.198Z"",""status"":""AVAILABLE""},{""startDate"":""2026-04-17T02:50:23.198Z"",""endDate"":""2026-04-21T02:50:23.198Z"",""status"":""AVAILABLE""}]"
Badminton Racket Set #051,Badminton Racket Set in new condition.,NEW,DEACTIVATED,PER_DAY,137,5423,false,Reliable performance for school or home tasks.,"Main unit, charger/accessory kit, and carrying case.",Minor cosmetic scratches.,Return cleaned and on time; indoor use preferred.,https://picsum.photos/seed/item-51/640/480,"[""https://picsum.photos/seed/item-51/640/480"",""https://picsum.photos/seed/item-51-a/1024/768"",""https://picsum.photos/seed/item-51-b/1024/768""]","[""SPORTS_OUTDOORS""]","[""sports"",""battery"",""project""]",true,1852,16,126,,,"[{""startDate"":""2026-03-18T02:50:23.198Z"",""endDate"":""2026-03-20T02:50:23.198Z"",""status"":""AVAILABLE""},{""startDate"":""2026-03-23T02:50:23.198Z"",""endDate"":""2026-03-27T02:50:23.198Z"",""status"":""AVAILABLE""}]"
Graphic Tablet #052,Graphic Tablet in poor condition.,POOR,AVAILABLE,PER_DAY,21,8413,false,Reliable performance for school or home tasks.,"Main unit, charger/accessory kit, and carrying case.",,Return cleaned and on time; indoor use preferred.,https://picsum.photos/seed/item-52/640/480,"[""https://picsum.photos/seed/item-52/640/480"",""https://picsum.photos/seed/item-52-a/1024/768"",""https://picsum.photos/seed/item-52-b/1024/768""]","[""SCHOOL_SUPPLIES"",""VEHICLES_ACCESSORIES"",""SPORTS_OUTDOORS""]","[""campus"",""home"",""tools""]",true,1584,42,38,,,"[{""startDate"":""2026-03-20T02:50:23.198Z"",""endDate"":""2026-03-22T02:50:23.198Z"",""status"":""AVAILABLE""},{""startDate"":""2026-03-25T02:50:23.198Z"",""endDate"":""2026-03-29T02:50:23.198Z"",""status"":""AVAILABLE""}]"
Graphic Tablet #053,Graphic Tablet in new condition.,NEW,AVAILABLE,PER_DAY,342,6285,false,Reliable performance for school or home tasks.,"Main unit, charger/accessory kit, and carrying case.",Minor cosmetic scratches.,Return cleaned and on time; indoor use preferred.,https://picsum.photos/seed/item-53/640/480,"[""https://picsum.photos/seed/item-53/640/480"",""https://picsum.photos/seed/item-53-a/1024/768"",""https://picsum.photos/seed/item-53-b/1024/768""]","[""HOME_APPLIANCES""]","[""project"",""tools"",""weekend-use"",""campus""]",true,1911,33,130,,,"[{""startDate"":""2026-03-04T02:50:23.198Z"",""endDate"":""2026-03-06T02:50:23.198Z"",""status"":""AVAILABLE""},{""startDate"":""2026-03-09T02:50:23.198Z"",""endDate"":""2026-03-13T02:50:23.198Z"",""status"":""AVAILABLE""}]"
Stand Mixer #054,Stand Mixer in new condition.,NEW,AVAILABLE,PER_DAY,83,10686,false,Reliable performance for school or home tasks.,"Main unit, charger/accessory kit, and carrying case.",,Return cleaned and on time; indoor use preferred.,https://picsum.photos/seed/item-54/640/480,"[""https://picsum.photos/seed/item-54/640/480"",""https://picsum.photos/seed/item-54-a/1024/768"",""https://picsum.photos/seed/item-54-b/1024/768""]","[""MUSIC_AUDIO"",""FURNITURE"",""ELECTRONICS""]","[""audio"",""study"",""events"",""kitchen""]",true,910,40,20,,,"[{""startDate"":""2026-03-18T02:50:23.198Z"",""endDate"":""2026-03-20T02:50:23.198Z"",""status"":""AVAILABLE""},{""startDate"":""2026-03-23T02:50:23.198Z"",""endDate"":""2026-03-27T02:50:23.198Z"",""status"":""AVAILABLE""}]"
Sewing Machine #055,Sewing Machine in poor condition.,POOR,RENTED,PER_HOUR,301,1330,false,Reliable performance for school or home tasks.,"Main unit, charger/accessory kit, and carrying case.",Minor cosmetic scratches.,Return cleaned and on time; indoor use preferred.,https://picsum.photos/seed/item-55/640/480,"[""https://picsum.photos/seed/item-55/640/480"",""https://picsum.photos/seed/item-55-a/1024/768"",""https://picsum.photos/seed/item-55-b/1024/768""]","[""OTHER""]","[""clean"",""student-friendly""]",true,1721,4,113,,,"[{""startDate"":""2026-04-13T02:50:23.198Z"",""endDate"":""2026-04-15T02:50:23.198Z"",""status"":""AVAILABLE""},{""startDate"":""2026-04-18T02:50:23.198Z"",""endDate"":""2026-04-22T02:50:23.198Z"",""status"":""AVAILABLE""}]"
Wireless Microphone #056,Wireless Microphone in new condition.,NEW,AVAILABLE,PER_DAY,213,1516,false,Reliable performance for school or home tasks.,"Main unit, charger/accessory kit, and carrying case.",Minor cosmetic scratches.,Return cleaned and on time; indoor use preferred.,https://picsum.photos/seed/item-56/640/480,"[""https://picsum.photos/seed/item-56/640/480"",""https://picsum.photos/seed/item-56-a/1024/768"",""https://picsum.photos/seed/item-56-b/1024/768""]","[""ELECTRONICS"",""CLOTHING"",""BOOKS""]","[""electronics"",""weekend-use""]",true,2137,49,94,,,"[{""startDate"":""2026-03-30T02:50:23.198Z"",""endDate"":""2026-04-01T02:50:23.198Z"",""status"":""AVAILABLE""},{""startDate"":""2026-04-04T02:50:23.198Z"",""endDate"":""2026-04-08T02:50:23.198Z"",""status"":""AVAILABLE""}]"
Pressure Washer #057,Pressure Washer in good condition.,GOOD,AVAILABLE,PER_DAY,283,9889,false,Reliable performance for school or home tasks.,"Main unit, charger/accessory kit, and carrying case.",,Return cleaned and on time; indoor use preferred.,https://picsum.photos/seed/item-57/640/480,"[""https://picsum.photos/seed/item-57/640/480"",""https://picsum.photos/seed/item-57-a/1024/768"",""https://picsum.photos/seed/item-57-b/1024/768""]","[""FURNITURE""]","[""battery"",""audio"",""kitchen"",""student-friendly""]",false,367,71,21,,,"[{""startDate"":""2026-03-20T02:50:23.198Z"",""endDate"":""2026-03-22T02:50:23.198Z"",""status"":""AVAILABLE""},{""startDate"":""2026-03-25T02:50:23.198Z"",""endDate"":""2026-03-29T02:50:23.198Z"",""status"":""AVAILABLE""}]"
Wireless Microphone #058,Wireless Microphone in new condition.,NEW,RENTED,PER_HOUR,0,9091,true,Reliable performance for school or home tasks.,"Main unit, charger/accessory kit, and carrying case.",,Return cleaned and on time; indoor use preferred.,https://picsum.photos/seed/item-58/640/480,"[""https://picsum.photos/seed/item-58/640/480"",""https://picsum.photos/seed/item-58-a/1024/768"",""https://picsum.photos/seed/item-58-b/1024/768""]","[""VEHICLES_ACCESSORIES"",""FURNITURE"",""MUSIC_AUDIO""]","[""student-friendly"",""audio"",""kitchen""]",true,1162,4,0,,,"[{""startDate"":""2026-03-17T02:50:23.198Z"",""endDate"":""2026-03-19T02:50:23.198Z"",""status"":""AVAILABLE""},{""startDate"":""2026-03-22T02:50:23.198Z"",""endDate"":""2026-03-26T02:50:23.198Z"",""status"":""AVAILABLE""}]"
Power Bank #059,Power Bank in fair condition.,FAIR,DEACTIVATED,PER_DAY,164,2631,false,Reliable performance for school or home tasks.,"Main unit, charger/accessory kit, and carrying case.",Minor cosmetic scratches.,Return cleaned and on time; indoor use preferred.,https://picsum.photos/seed/item-59/640/480,"[""https://picsum.photos/seed/item-59/640/480"",""https://picsum.photos/seed/item-59-a/1024/768"",""https://picsum.photos/seed/item-59-b/1024/768""]","[""PET_SUPPLIES"",""HEALTH_BEAUTY""]","[""kitchen"",""study"",""battery"",""home""]",true,1422,19,76,,,"[{""startDate"":""2026-04-13T02:50:23.198Z"",""endDate"":""2026-04-15T02:50:23.198Z"",""status"":""AVAILABLE""},{""startDate"":""2026-04-18T02:50:23.198Z"",""endDate"":""2026-04-22T02:50:23.198Z"",""status"":""AVAILABLE""}]"
Badminton Racket Set #060,Badminton Racket Set in good condition.,GOOD,DEACTIVATED,PER_DAY,308,7914,false,Reliable performance for school or home tasks.,"Main unit, charger/accessory kit, and carrying case.",,Return cleaned and on time; indoor use preferred.,https://picsum.photos/seed/item-60/640/480,"[""https://picsum.photos/seed/item-60/640/480"",""https://picsum.photos/seed/item-60-a/1024/768"",""https://picsum.photos/seed/item-60-b/1024/768""]","[""TOOLS""]","[""sports"",""weekend-use"",""portable""]",true,2373,6,119,,,"[{""startDate"":""2026-04-01T02:50:23.198Z"",""endDate"":""2026-04-03T02:50:23.198Z"",""status"":""AVAILABLE""},{""startDate"":""2026-04-06T02:50:23.198Z"",""endDate"":""2026-04-10T02:50:23.198Z"",""status"":""AVAILABLE""}]"
Wireless Microphone #061,Wireless Microphone in fair condition.,FAIR,AVAILABLE,PER_DAY,130,6339,false,Reliable performance for school or home tasks.,"Main unit, charger/accessory kit, and carrying case.",,Return cleaned and on time; indoor use preferred.,https://picsum.photos/seed/item-61/640/480,"[""https://picsum.photos/seed/item-61/640/480"",""https://picsum.photos/seed/item-61-a/1024/768"",""https://picsum.photos/seed/item-61-b/1024/768""]","[""VEHICLES_ACCESSORIES""]","[""project"",""portable"",""sports"",""campus""]",true,1687,15,53,,,"[{""startDate"":""2026-04-12T02:50:23.198Z"",""endDate"":""2026-04-14T02:50:23.198Z"",""status"":""AVAILABLE""},{""startDate"":""2026-04-17T02:50:23.198Z"",""endDate"":""2026-04-21T02:50:23.198Z"",""status"":""AVAILABLE""}]"
Microwave Oven #062,Microwave Oven in new condition.,NEW,DEACTIVATED,PER_DAY,65,4833,false,Reliable performance for school or home tasks.,"Main unit, charger/accessory kit, and carrying case.",,Return cleaned and on time; indoor use preferred.,https://picsum.photos/seed/item-62/640/480,"[""https://picsum.photos/seed/item-62/640/480"",""https://picsum.photos/seed/item-62-a/1024/768"",""https://picsum.photos/seed/item-62-b/1024/768""]","[""ELECTRONICS"",""PET_SUPPLIES""]","[""tools"",""sports""]",true,963,25,9,,,"[{""startDate"":""2026-03-10T02:50:23.198Z"",""endDate"":""2026-03-12T02:50:23.198Z"",""status"":""AVAILABLE""},{""startDate"":""2026-03-15T02:50:23.198Z"",""endDate"":""2026-03-19T02:50:23.198Z"",""status"":""AVAILABLE""}]"
Office Chair #063,Office Chair in good condition.,GOOD,DEACTIVATED,PER_DAY,159,6128,false,Reliable performance for school or home tasks.,"Main unit, charger/accessory kit, and carrying case.",,Return cleaned and on time; indoor use preferred.,https://picsum.photos/seed/item-63/640/480,"[""https://picsum.photos/seed/item-63/640/480"",""https://picsum.photos/seed/item-63-a/1024/768"",""https://picsum.photos/seed/item-63-b/1024/768""]","[""HEALTH_BEAUTY"",""PET_SUPPLIES""]","[""campus"",""audio""]",true,2355,72,108,,,"[{""startDate"":""2026-03-09T02:50:23.198Z"",""endDate"":""2026-03-11T02:50:23.198Z"",""status"":""AVAILABLE""},{""startDate"":""2026-03-14T02:50:23.198Z"",""endDate"":""2026-03-18T02:50:23.198Z"",""status"":""AVAILABLE""}]"
Microwave Oven #064,Microwave Oven in like new condition.,LIKE_NEW,AVAILABLE,PER_DAY,278,4724,false,Reliable performance for school or home tasks.,"Main unit, charger/accessory kit, and carrying case.",,Return cleaned and on time; indoor use preferred.,https://picsum.photos/seed/item-64/640/480,"[""https://picsum.photos/seed/item-64/640/480"",""https://picsum.photos/seed/item-64-a/1024/768"",""https://picsum.photos/seed/item-64-b/1024/768""]","[""SPORTS_OUTDOORS"",""FURNITURE"",""HOME_APPLIANCES""]","[""study"",""kitchen""]",true,1254,28,102,,,"[{""startDate"":""2026-03-30T02:50:23.198Z"",""endDate"":""2026-04-01T02:50:23.198Z"",""status"":""AVAILABLE""},{""startDate"":""2026-04-04T02:50:23.198Z"",""endDate"":""2026-04-08T02:50:23.198Z"",""status"":""AVAILABLE""}]"
Wireless Microphone #065,Wireless Microphone in new condition.,NEW,AVAILABLE,PER_HOUR,127,4646,false,Reliable performance for school or home tasks.,"Main unit, charger/accessory kit, and carrying case.",,Return cleaned and on time; indoor use preferred.,https://picsum.photos/seed/item-65/640/480,"[""https://picsum.photos/seed/item-65/640/480"",""https://picsum.photos/seed/item-65-a/1024/768"",""https://picsum.photos/seed/item-65-b/1024/768""]","[""SPORTS_OUTDOORS"",""MUSIC_AUDIO"",""HOME_APPLIANCES""]","[""study"",""kitchen"",""campus"",""weekend-use""]",true,1262,20,51,,,"[{""startDate"":""2026-03-06T02:50:23.198Z"",""endDate"":""2026-03-08T02:50:23.198Z"",""status"":""AVAILABLE""},{""startDate"":""2026-03-11T02:50:23.198Z"",""endDate"":""2026-03-15T02:50:23.198Z"",""status"":""AVAILABLE""}]"
Camping Tent #066,Camping Tent in poor condition.,POOR,DEACTIVATED,PER_DAY,226,2795,false,Reliable performance for school or home tasks.,"Main unit, charger/accessory kit, and carrying case.",,Return cleaned and on time; indoor use preferred.,https://picsum.photos/seed/item-66/640/480,"[""https://picsum.photos/seed/item-66/640/480"",""https://picsum.photos/seed/item-66-a/1024/768"",""https://picsum.photos/seed/item-66-b/1024/768""]","[""HOME_APPLIANCES""]","[""sports"",""campus"",""clean""]",false,85,78,15,,,"[{""startDate"":""2026-04-11T02:50:23.198Z"",""endDate"":""2026-04-13T02:50:23.198Z"",""status"":""AVAILABLE""},{""startDate"":""2026-04-16T02:50:23.198Z"",""endDate"":""2026-04-20T02:50:23.198Z"",""status"":""AVAILABLE""}]"
Mountain Bike #067,Mountain Bike in poor condition.,POOR,AVAILABLE,PER_HOUR,105,2741,false,Reliable performance for school or home tasks.,"Main unit, charger/accessory kit, and carrying case.",,Return cleaned and on time; indoor use preferred.,https://picsum.photos/seed/item-67/640/480,"[""https://picsum.photos/seed/item-67/640/480"",""https://picsum.photos/seed/item-67-a/1024/768"",""https://picsum.photos/seed/item-67-b/1024/768""]","[""HOME_APPLIANCES""]","[""events"",""study"",""electronics""]",true,1399,41,115,,,"[{""startDate"":""2026-03-26T02:50:23.198Z"",""endDate"":""2026-03-28T02:50:23.198Z"",""status"":""AVAILABLE""},{""startDate"":""2026-03-31T02:50:23.198Z"",""endDate"":""2026-04-04T02:50:23.198Z"",""status"":""AVAILABLE""}]"
Toolbox Set #068,Toolbox Set in new condition.,NEW,AVAILABLE,PER_DAY,50,5373,false,Reliable performance for school or home tasks.,"Main unit, charger/accessory kit, and carrying case.",,Return cleaned and on time; indoor use preferred.,https://picsum.photos/seed/item-68/640/480,"[""https://picsum.photos/seed/item-68/640/480"",""https://picsum.photos/seed/item-68-a/1024/768"",""https://picsum.photos/seed/item-68-b/1024/768""]","[""PET_SUPPLIES"",""HOME_APPLIANCES""]","[""battery"",""campus"",""project"",""sports""]",true,2418,8,119,,,"[{""startDate"":""2026-03-18T02:50:23.198Z"",""endDate"":""2026-03-20T02:50:23.198Z"",""status"":""AVAILABLE""},{""startDate"":""2026-03-23T02:50:23.198Z"",""endDate"":""2026-03-27T02:50:23.198Z"",""status"":""AVAILABLE""}]"
Office Chair #069,Office Chair in good condition.,GOOD,AVAILABLE,PER_DAY,51,10375,false,Reliable performance for school or home tasks.,"Main unit, charger/accessory kit, and carrying case.",Minor cosmetic scratches.,Return cleaned and on time; indoor use preferred.,https://picsum.photos/seed/item-69/640/480,"[""https://picsum.photos/seed/item-69/640/480"",""https://picsum.photos/seed/item-69-a/1024/768"",""https://picsum.photos/seed/item-69-b/1024/768""]","[""FURNITURE""]","[""audio"",""electronics""]",true,1831,57,108,,,"[{""startDate"":""2026-04-11T02:50:23.198Z"",""endDate"":""2026-04-13T02:50:23.198Z"",""status"":""AVAILABLE""},{""startDate"":""2026-04-16T02:50:23.198Z"",""endDate"":""2026-04-20T02:50:23.198Z"",""status"":""AVAILABLE""}]"
Whiteboard Stand #070,Whiteboard Stand in like new condition.,LIKE_NEW,AVAILABLE,PER_HOUR,313,1224,false,Reliable performance for school or home tasks.,"Main unit, charger/accessory kit, and carrying case.",Minor cosmetic scratches.,Return cleaned and on time; indoor use preferred.,https://picsum.photos/seed/item-70/640/480,"[""https://picsum.photos/seed/item-70/640/480"",""https://picsum.photos/seed/item-70-a/1024/768"",""https://picsum.photos/seed/item-70-b/1024/768""]","[""SCHOOL_SUPPLIES"",""ELECTRONICS"",""CLOTHING""]","[""clean"",""kitchen"",""electronics"",""study""]",true,1547,67,86,,,"[{""startDate"":""2026-04-04T02:50:23.198Z"",""endDate"":""2026-04-06T02:50:23.198Z"",""status"":""AVAILABLE""},{""startDate"":""2026-04-09T02:50:23.198Z"",""endDate"":""2026-04-13T02:50:23.198Z"",""status"":""AVAILABLE""}]"
Mountain Bike #071,Mountain Bike in poor condition.,POOR,AVAILABLE,PER_DAY,0,12329,true,Reliable performance for school or home tasks.,"Main unit, charger/accessory kit, and carrying case.",,Return cleaned and on time; indoor use preferred.,https://picsum.photos/seed/item-71/640/480,"[""https://picsum.photos/seed/item-71/640/480"",""https://picsum.photos/seed/item-71-a/1024/768"",""https://picsum.photos/seed/item-71-b/1024/768""]","[""ELECTRONICS"",""HOME_APPLIANCES"",""VEHICLES_ACCESSORIES""]","[""kitchen"",""tools""]",true,1901,0,39,,,"[{""startDate"":""2026-03-27T02:50:23.198Z"",""endDate"":""2026-03-29T02:50:23.198Z"",""status"":""AVAILABLE""},{""startDate"":""2026-04-01T02:50:23.198Z"",""endDate"":""2026-04-05T02:50:23.198Z"",""status"":""AVAILABLE""}]"
Power Bank #072,Power Bank in fair condition.,FAIR,RENTED,PER_HOUR,200,9583,false,Reliable performance for school or home tasks.,"Main unit, charger/accessory kit, and carrying case.",,Return cleaned and on time; indoor use preferred.,https://picsum.photos/seed/item-72/640/480,"[""https://picsum.photos/seed/item-72/640/480"",""https://picsum.photos/seed/item-72-a/1024/768"",""https://picsum.photos/seed/item-72-b/1024/768""]","[""TOYS_GAMES"",""OTHER""]","[""events"",""clean"",""audio"",""portable""]",true,308,30,66,,,"[{""startDate"":""2026-04-04T02:50:23.198Z"",""endDate"":""2026-04-06T02:50:23.198Z"",""status"":""AVAILABLE""},{""startDate"":""2026-04-09T02:50:23.198Z"",""endDate"":""2026-04-13T02:50:23.198Z"",""status"":""AVAILABLE""}]"
Study Lamp #073,Study Lamp in poor condition.,POOR,AVAILABLE,PER_DAY,102,8663,false,Reliable performance for school or home tasks.,"Main unit, charger/accessory kit, and carrying case.",,Return cleaned and on time; indoor use preferred.,https://picsum.photos/seed/item-73/640/480,"[""https://picsum.photos/seed/item-73/640/480"",""https://picsum.photos/seed/item-73-a/1024/768"",""https://picsum.photos/seed/item-73-b/1024/768""]","[""FURNITURE"",""OTHER"",""SPORTS_OUTDOORS""]","[""tools"",""portable"",""electronics""]",true,1918,69,2,,,"[{""startDate"":""2026-03-08T02:50:23.198Z"",""endDate"":""2026-03-10T02:50:23.198Z"",""status"":""AVAILABLE""},{""startDate"":""2026-03-13T02:50:23.198Z"",""endDate"":""2026-03-17T02:50:23.198Z"",""status"":""AVAILABLE""}]"
Camping Tent #074,Camping Tent in new condition.,NEW,AVAILABLE,PER_DAY,69,7779,false,Reliable performance for school or home tasks.,"Main unit, charger/accessory kit, and carrying case.",Minor cosmetic scratches.,Return cleaned and on time; indoor use preferred.,https://picsum.photos/seed/item-74/640/480,"[""https://picsum.photos/seed/item-74/640/480"",""https://picsum.photos/seed/item-74-a/1024/768"",""https://picsum.photos/seed/item-74-b/1024/768""]","[""CLOTHING"",""VEHICLES_ACCESSORIES"",""TOYS_GAMES""]","[""audio"",""clean"",""project"",""battery""]",true,1067,38,104,,,"[{""startDate"":""2026-03-10T02:50:23.198Z"",""endDate"":""2026-03-12T02:50:23.198Z"",""status"":""AVAILABLE""},{""startDate"":""2026-03-15T02:50:23.198Z"",""endDate"":""2026-03-19T02:50:23.198Z"",""status"":""AVAILABLE""}]"
Sewing Machine #075,Sewing Machine in like new condition.,LIKE_NEW,AVAILABLE,PER_DAY,321,1794,false,Reliable performance for school or home tasks.,"Main unit, charger/accessory kit, and carrying case.",,Return cleaned and on time; indoor use preferred.,https://picsum.photos/seed/item-75/640/480,"[""https://picsum.photos/seed/item-75/640/480"",""https://picsum.photos/seed/item-75-a/1024/768"",""https://picsum.photos/seed/item-75-b/1024/768""]","[""VEHICLES_ACCESSORIES"",""HEALTH_BEAUTY""]","[""home"",""kitchen"",""student-friendly""]",true,1842,41,99,,,"[{""startDate"":""2026-03-11T02:50:23.198Z"",""endDate"":""2026-03-13T02:50:23.198Z"",""status"":""AVAILABLE""},{""startDate"":""2026-03-16T02:50:23.198Z"",""endDate"":""2026-03-20T02:50:23.198Z"",""status"":""AVAILABLE""}]"
Toolbox Set #076,Toolbox Set in new condition.,NEW,AVAILABLE,PER_DAY,318,5368,false,Reliable performance for school or home tasks.,"Main unit, charger/accessory kit, and carrying case.",,Return cleaned and on time; indoor use preferred.,https://picsum.photos/seed/item-76/640/480,"[""https://picsum.photos/seed/item-76/640/480"",""https://picsum.photos/seed/item-76-a/1024/768"",""https://picsum.photos/seed/item-76-b/1024/768""]","[""VEHICLES_ACCESSORIES"",""HEALTH_BEAUTY""]","[""weekend-use"",""electronics""]",true,388,55,76,,,"[{""startDate"":""2026-04-06T02:50:23.198Z"",""endDate"":""2026-04-08T02:50:23.198Z"",""status"":""AVAILABLE""},{""startDate"":""2026-04-11T02:50:23.198Z"",""endDate"":""2026-04-15T02:50:23.198Z"",""status"":""AVAILABLE""}]"
Microwave Oven #077,Microwave Oven in new condition.,NEW,AVAILABLE,PER_HOUR,185,6424,false,Reliable performance for school or home tasks.,"Main unit, charger/accessory kit, and carrying case.",,Return cleaned and on time; indoor use preferred.,https://picsum.photos/seed/item-77/640/480,"[""https://picsum.photos/seed/item-77/640/480"",""https://picsum.photos/seed/item-77-a/1024/768"",""https://picsum.photos/seed/item-77-b/1024/768""]","[""ELECTRONICS"",""VEHICLES_ACCESSORIES"",""BOOKS""]","[""campus"",""battery"",""project""]",true,1771,51,21,,,"[{""startDate"":""2026-03-22T02:50:23.198Z"",""endDate"":""2026-03-24T02:50:23.198Z"",""status"":""AVAILABLE""},{""startDate"":""2026-03-27T02:50:23.198Z"",""endDate"":""2026-03-31T02:50:23.198Z"",""status"":""AVAILABLE""}]"
Stand Mixer #078,Stand Mixer in new condition.,NEW,AVAILABLE,PER_DAY,245,2388,false,Reliable performance for school or home tasks.,"Main unit, charger/accessory kit, and carrying case.",,Return cleaned and on time; indoor use preferred.,https://picsum.photos/seed/item-78/640/480,"[""https://picsum.photos/seed/item-78/640/480"",""https://picsum.photos/seed/item-78-a/1024/768"",""https://picsum.photos/seed/item-78-b/1024/768""]","[""OTHER""]","[""portable"",""weekend-use"",""student-friendly"",""study""]",false,603,32,14,,,"[{""startDate"":""2026-04-09T02:50:23.198Z"",""endDate"":""2026-04-11T02:50:23.198Z"",""status"":""AVAILABLE""},{""startDate"":""2026-04-14T02:50:23.198Z"",""endDate"":""2026-04-18T02:50:23.198Z"",""status"":""AVAILABLE""}]"
Digital Camera #079,Digital Camera in like new condition.,LIKE_NEW,AVAILABLE,PER_HOUR,161,2141,false,Reliable performance for school or home tasks.,"Main unit, charger/accessory kit, and carrying case.",Minor cosmetic scratches.,Return cleaned and on time; indoor use preferred.,https://picsum.photos/seed/item-79/640/480,"[""https://picsum.photos/seed/item-79/640/480"",""https://picsum.photos/seed/item-79-a/1024/768"",""https://picsum.photos/seed/item-79-b/1024/768""]","[""BOOKS""]","[""events"",""student-friendly""]",true,397,78,140,,,"[{""startDate"":""2026-03-14T02:50:23.198Z"",""endDate"":""2026-03-16T02:50:23.198Z"",""status"":""AVAILABLE""},{""startDate"":""2026-03-19T02:50:23.198Z"",""endDate"":""2026-03-23T02:50:23.198Z"",""status"":""AVAILABLE""}]"
Microwave Oven #080,Microwave Oven in fair condition.,FAIR,DEACTIVATED,PER_HOUR,112,6229,false,Reliable performance for school or home tasks.,"Main unit, charger/accessory kit, and carrying case.",Minor cosmetic scratches.,Return cleaned and on time; indoor use preferred.,https://picsum.photos/seed/item-80/640/480,"[""https://picsum.photos/seed/item-80/640/480"",""https://picsum.photos/seed/item-80-a/1024/768"",""https://picsum.photos/seed/item-80-b/1024/768""]","[""SPORTS_OUTDOORS""]","[""campus"",""study"",""project""]",false,655,63,43,,,"[{""startDate"":""2026-04-10T02:50:23.198Z"",""endDate"":""2026-04-12T02:50:23.198Z"",""status"":""AVAILABLE""},{""startDate"":""2026-04-15T02:50:23.198Z"",""endDate"":""2026-04-19T02:50:23.198Z"",""status"":""AVAILABLE""}]"
Badminton Racket Set #081,Badminton Racket Set in poor condition.,POOR,RENTED,PER_DAY,61,8522,false,Reliable performance for school or home tasks.,"Main unit, charger/accessory kit, and carrying case.",,Return cleaned and on time; indoor use preferred.,https://picsum.photos/seed/item-81/640/480,"[""https://picsum.photos/seed/item-81/640/480"",""https://picsum.photos/seed/item-81-a/1024/768"",""https://picsum.photos/seed/item-81-b/1024/768""]","[""CLOTHING"",""VEHICLES_ACCESSORIES""]","[""student-friendly"",""audio"",""battery""]",true,1144,79,146,,,"[{""startDate"":""2026-04-02T02:50:23.198Z"",""endDate"":""2026-04-04T02:50:23.198Z"",""status"":""AVAILABLE""},{""startDate"":""2026-04-07T02:50:23.198Z"",""endDate"":""2026-04-11T02:50:23.198Z"",""status"":""AVAILABLE""}]"
Wireless Microphone #082,Wireless Microphone in new condition.,NEW,RENTED,PER_HOUR,176,6285,false,Reliable performance for school or home tasks.,"Main unit, charger/accessory kit, and carrying case.",,Return cleaned and on time; indoor use preferred.,https://picsum.photos/seed/item-82/640/480,"[""https://picsum.photos/seed/item-82/640/480"",""https://picsum.photos/seed/item-82-a/1024/768"",""https://picsum.photos/seed/item-82-b/1024/768""]","[""TOYS_GAMES""]","[""battery"",""weekend-use"",""student-friendly""]",true,1490,54,14,,,"[{""startDate"":""2026-03-19T02:50:23.198Z"",""endDate"":""2026-03-21T02:50:23.198Z"",""status"":""AVAILABLE""},{""startDate"":""2026-03-24T02:50:23.198Z"",""endDate"":""2026-03-28T02:50:23.198Z"",""status"":""AVAILABLE""}]"
Badminton Racket Set #083,Badminton Racket Set in new condition.,NEW,DEACTIVATED,PER_HOUR,0,8456,true,Reliable performance for school or home tasks.,"Main unit, charger/accessory kit, and carrying case.",,Return cleaned and on time; indoor use preferred.,https://picsum.photos/seed/item-83/640/480,"[""https://picsum.photos/seed/item-83/640/480"",""https://picsum.photos/seed/item-83-a/1024/768"",""https://picsum.photos/seed/item-83-b/1024/768""]","[""HEALTH_BEAUTY"",""SPORTS_OUTDOORS""]","[""events"",""battery""]",true,1346,21,58,,,"[{""startDate"":""2026-03-13T02:50:23.198Z"",""endDate"":""2026-03-15T02:50:23.198Z"",""status"":""AVAILABLE""},{""startDate"":""2026-03-18T02:50:23.198Z"",""endDate"":""2026-03-22T02:50:23.198Z"",""status"":""AVAILABLE""}]"
Power Bank #084,Power Bank in new condition.,NEW,AVAILABLE,PER_HOUR,190,9109,false,Reliable performance for school or home tasks.,"Main unit, charger/accessory kit, and carrying case.",,Return cleaned and on time; indoor use preferred.,https://picsum.photos/seed/item-84/640/480,"[""https://picsum.photos/seed/item-84/640/480"",""https://picsum.photos/seed/item-84-a/1024/768"",""https://picsum.photos/seed/item-84-b/1024/768""]","[""PET_SUPPLIES"",""BOOKS"",""SCHOOL_SUPPLIES""]","[""weekend-use"",""audio""]",true,746,47,119,,,"[{""startDate"":""2026-03-30T02:50:23.198Z"",""endDate"":""2026-04-01T02:50:23.198Z"",""status"":""AVAILABLE""},{""startDate"":""2026-04-04T02:50:23.198Z"",""endDate"":""2026-04-08T02:50:23.198Z"",""status"":""AVAILABLE""}]"
Whiteboard Stand #085,Whiteboard Stand in new condition.,NEW,DEACTIVATED,PER_DAY,0,6803,true,Reliable performance for school or home tasks.,"Main unit, charger/accessory kit, and carrying case.",,Return cleaned and on time; indoor use preferred.,https://picsum.photos/seed/item-85/640/480,"[""https://picsum.photos/seed/item-85/640/480"",""https://picsum.photos/seed/item-85-a/1024/768"",""https://picsum.photos/seed/item-85-b/1024/768""]","[""BOOKS"",""PET_SUPPLIES"",""HEALTH_BEAUTY""]","[""sports"",""battery"",""electronics""]",true,1088,43,93,,,"[{""startDate"":""2026-03-10T02:50:23.198Z"",""endDate"":""2026-03-12T02:50:23.198Z"",""status"":""AVAILABLE""},{""startDate"":""2026-03-15T02:50:23.198Z"",""endDate"":""2026-03-19T02:50:23.198Z"",""status"":""AVAILABLE""}]"
Portable Speaker #086,Portable Speaker in new condition.,NEW,RENTED,PER_DAY,0,2433,true,Reliable performance for school or home tasks.,"Main unit, charger/accessory kit, and carrying case.",Minor cosmetic scratches.,Return cleaned and on time; indoor use preferred.,https://picsum.photos/seed/item-86/640/480,"[""https://picsum.photos/seed/item-86/640/480"",""https://picsum.photos/seed/item-86-a/1024/768"",""https://picsum.photos/seed/item-86-b/1024/768""]","[""TOYS_GAMES"",""BOOKS""]","[""home"",""clean"",""sports""]",true,2400,15,140,,,"[{""startDate"":""2026-03-02T02:50:23.198Z"",""endDate"":""2026-03-04T02:50:23.198Z"",""status"":""AVAILABLE""},{""startDate"":""2026-03-07T02:50:23.198Z"",""endDate"":""2026-03-11T02:50:23.198Z"",""status"":""AVAILABLE""}]"
Portable Speaker #087,Portable Speaker in fair condition.,FAIR,RENTED,PER_DAY,0,2228,true,Reliable performance for school or home tasks.,"Main unit, charger/accessory kit, and carrying case.",,Return cleaned and on time; indoor use preferred.,https://picsum.photos/seed/item-87/640/480,"[""https://picsum.photos/seed/item-87/640/480"",""https://picsum.photos/seed/item-87-a/1024/768"",""https://picsum.photos/seed/item-87-b/1024/768""]","[""CLOTHING"",""PET_SUPPLIES"",""VEHICLES_ACCESSORIES""]","[""kitchen"",""home"",""electronics"",""study""]",true,1519,2,18,,,"[{""startDate"":""2026-04-07T02:50:23.198Z"",""endDate"":""2026-04-09T02:50:23.198Z"",""status"":""AVAILABLE""},{""startDate"":""2026-04-12T02:50:23.198Z"",""endDate"":""2026-04-16T02:50:23.198Z"",""status"":""AVAILABLE""}]"
Camping Tent #088,Camping Tent in new condition.,NEW,RENTED,PER_DAY,0,8662,true,Reliable performance for school or home tasks.,"Main unit, charger/accessory kit, and carrying case.",Minor cosmetic scratches.,Return cleaned and on time; indoor use preferred.,https://picsum.photos/seed/item-88/640/480,"[""https://picsum.photos/seed/item-88/640/480"",""https://picsum.photos/seed/item-88-a/1024/768"",""https://picsum.photos/seed/item-88-b/1024/768""]","[""ELECTRONICS"",""SPORTS_OUTDOORS"",""HOME_APPLIANCES""]","[""tools"",""kitchen""]",true,1225,46,104,,,"[{""startDate"":""2026-03-24T02:50:23.198Z"",""endDate"":""2026-03-26T02:50:23.198Z"",""status"":""AVAILABLE""},{""startDate"":""2026-03-29T02:50:23.198Z"",""endDate"":""2026-04-02T02:50:23.198Z"",""status"":""AVAILABLE""}]"
Portable Speaker #089,Portable Speaker in like new condition.,LIKE_NEW,RENTED,PER_HOUR,325,2797,false,Reliable performance for school or home tasks.,"Main unit, charger/accessory kit, and carrying case.",,Return cleaned and on time; indoor use preferred.,https://picsum.photos/seed/item-89/640/480,"[""https://picsum.photos/seed/item-89/640/480"",""https://picsum.photos/seed/item-89-a/1024/768"",""https://picsum.photos/seed/item-89-b/1024/768""]","[""HEALTH_BEAUTY""]","[""events"",""battery"",""kitchen""]",true,46,78,124,,,"[{""startDate"":""2026-03-26T02:50:23.198Z"",""endDate"":""2026-03-28T02:50:23.198Z"",""status"":""AVAILABLE""},{""startDate"":""2026-03-31T02:50:23.198Z"",""endDate"":""2026-04-04T02:50:23.198Z"",""status"":""AVAILABLE""}]"
Power Bank #090,Power Bank in like new condition.,LIKE_NEW,AVAILABLE,PER_HOUR,133,10786,false,Reliable performance for school or home tasks.,"Main unit, charger/accessory kit, and carrying case.",,Return cleaned and on time; indoor use preferred.,https://picsum.photos/seed/item-90/640/480,"[""https://picsum.photos/seed/item-90/640/480"",""https://picsum.photos/seed/item-90-a/1024/768"",""https://picsum.photos/seed/item-90-b/1024/768""]","[""PET_SUPPLIES""]","[""sports"",""campus"",""weekend-use""]",true,2295,9,74,,,"[{""startDate"":""2026-03-24T02:50:23.198Z"",""endDate"":""2026-03-26T02:50:23.198Z"",""status"":""AVAILABLE""},{""startDate"":""2026-03-29T02:50:23.198Z"",""endDate"":""2026-04-02T02:50:23.198Z"",""status"":""AVAILABLE""}]"
Portable Speaker #091,Portable Speaker in fair condition.,FAIR,DEACTIVATED,PER_HOUR,0,8902,true,Reliable performance for school or home tasks.,"Main unit, charger/accessory kit, and carrying case.",Minor cosmetic scratches.,Return cleaned and on time; indoor use preferred.,https://picsum.photos/seed/item-91/640/480,"[""https://picsum.photos/seed/item-91/640/480"",""https://picsum.photos/seed/item-91-a/1024/768"",""https://picsum.photos/seed/item-91-b/1024/768""]","[""HEALTH_BEAUTY"",""OTHER"",""TOOLS""]","[""events"",""battery""]",true,2335,18,109,,,"[{""startDate"":""2026-03-17T02:50:23.198Z"",""endDate"":""2026-03-19T02:50:23.198Z"",""status"":""AVAILABLE""},{""startDate"":""2026-03-22T02:50:23.198Z"",""endDate"":""2026-03-26T02:50:23.198Z"",""status"":""AVAILABLE""}]"
Whiteboard Stand #092,Whiteboard Stand in fair condition.,FAIR,RENTED,PER_DAY,313,12118,false,Reliable performance for school or home tasks.,"Main unit, charger/accessory kit, and carrying case.",,Return cleaned and on time; indoor use preferred.,https://picsum.photos/seed/item-92/640/480,"[""https://picsum.photos/seed/item-92/640/480"",""https://picsum.photos/seed/item-92-a/1024/768"",""https://picsum.photos/seed/item-92-b/1024/768""]","[""CLOTHING"",""BOOKS""]","[""battery"",""student-friendly"",""kitchen"",""portable""]",false,9,25,12,,,"[{""startDate"":""2026-04-14T02:50:23.198Z"",""endDate"":""2026-04-16T02:50:23.198Z"",""status"":""AVAILABLE""},{""startDate"":""2026-04-19T02:50:23.198Z"",""endDate"":""2026-04-23T02:50:23.198Z"",""status"":""AVAILABLE""}]"
Digital Camera #093,Digital Camera in good condition.,GOOD,RENTED,PER_DAY,87,5169,false,Reliable performance for school or home tasks.,"Main unit, charger/accessory kit, and carrying case.",,Return cleaned and on time; indoor use preferred.,https://picsum.photos/seed/item-93/640/480,"[""https://picsum.photos/seed/item-93/640/480"",""https://picsum.photos/seed/item-93-a/1024/768"",""https://picsum.photos/seed/item-93-b/1024/768""]","[""OTHER""]","[""project"",""tools"",""sports""]",true,1004,9,94,,,"[{""startDate"":""2026-03-20T02:50:23.198Z"",""endDate"":""2026-03-22T02:50:23.198Z"",""status"":""AVAILABLE""},{""startDate"":""2026-03-25T02:50:23.198Z"",""endDate"":""2026-03-29T02:50:23.198Z"",""status"":""AVAILABLE""}]"
Portable Speaker #094,Portable Speaker in poor condition.,POOR,DEACTIVATED,PER_HOUR,0,11102,true,Reliable performance for school or home tasks.,"Main unit, charger/accessory kit, and carrying case.",Minor cosmetic scratches.,Return cleaned and on time; indoor use preferred.,https://picsum.photos/seed/item-94/640/480,"[""https://picsum.photos/seed/item-94/640/480"",""https://picsum.photos/seed/item-94-a/1024/768"",""https://picsum.photos/seed/item-94-b/1024/768""]","[""OTHER""]","[""clean"",""campus""]",true,1073,58,46,,,"[{""startDate"":""2026-03-24T02:50:23.198Z"",""endDate"":""2026-03-26T02:50:23.198Z"",""status"":""AVAILABLE""},{""startDate"":""2026-03-29T02:50:23.198Z"",""endDate"":""2026-04-02T02:50:23.198Z"",""status"":""AVAILABLE""}]"
Cordless Drill #095,Cordless Drill in new condition.,NEW,AVAILABLE,PER_HOUR,230,3229,false,Reliable performance for school or home tasks.,"Main unit, charger/accessory kit, and carrying case.",,Return cleaned and on time; indoor use preferred.,https://picsum.photos/seed/item-95/640/480,"[""https://picsum.photos/seed/item-95/640/480"",""https://picsum.photos/seed/item-95-a/1024/768"",""https://picsum.photos/seed/item-95-b/1024/768""]","[""HOME_APPLIANCES""]","[""campus"",""audio""]",true,1546,39,67,,,"[{""startDate"":""2026-03-29T02:50:23.198Z"",""endDate"":""2026-03-31T02:50:23.198Z"",""status"":""AVAILABLE""},{""startDate"":""2026-04-03T02:50:23.198Z"",""endDate"":""2026-04-07T02:50:23.198Z"",""status"":""AVAILABLE""}]"
Badminton Racket Set #096,Badminton Racket Set in fair condition.,FAIR,AVAILABLE,PER_HOUR,251,7424,false,Reliable performance for school or home tasks.,"Main unit, charger/accessory kit, and carrying case.",,Return cleaned and on time; indoor use preferred.,https://picsum.photos/seed/item-96/640/480,"[""https://picsum.photos/seed/item-96/640/480"",""https://picsum.photos/seed/item-96-a/1024/768"",""https://picsum.photos/seed/item-96-b/1024/768""]","[""CLOTHING""]","[""audio"",""events""]",true,405,62,124,,,"[{""startDate"":""2026-04-04T02:50:23.198Z"",""endDate"":""2026-04-06T02:50:23.198Z"",""status"":""AVAILABLE""},{""startDate"":""2026-04-09T02:50:23.198Z"",""endDate"":""2026-04-13T02:50:23.198Z"",""status"":""AVAILABLE""}]"
Acoustic Guitar #097,Acoustic Guitar in fair condition.,FAIR,DEACTIVATED,PER_DAY,255,5767,false,Reliable performance for school or home tasks.,"Main unit, charger/accessory kit, and carrying case.",Minor cosmetic scratches.,Return cleaned and on time; indoor use preferred.,https://picsum.photos/seed/item-97/640/480,"[""https://picsum.photos/seed/item-97/640/480"",""https://picsum.photos/seed/item-97-a/1024/768"",""https://picsum.photos/seed/item-97-b/1024/768""]","[""BOOKS"",""TOYS_GAMES"",""SCHOOL_SUPPLIES""]","[""clean"",""battery"",""weekend-use""]",true,728,58,134,,,"[{""startDate"":""2026-04-12T02:50:23.198Z"",""endDate"":""2026-04-14T02:50:23.198Z"",""status"":""AVAILABLE""},{""startDate"":""2026-04-17T02:50:23.198Z"",""endDate"":""2026-04-21T02:50:23.198Z"",""status"":""AVAILABLE""}]"
Stand Mixer #098,Stand Mixer in fair condition.,FAIR,AVAILABLE,PER_HOUR,72,11209,false,Reliable performance for school or home tasks.,"Main unit, charger/accessory kit, and carrying case.",Minor cosmetic scratches.,Return cleaned and on time; indoor use preferred.,https://picsum.photos/seed/item-98/640/480,"[""https://picsum.photos/seed/item-98/640/480"",""https://picsum.photos/seed/item-98-a/1024/768"",""https://picsum.photos/seed/item-98-b/1024/768""]","[""TOYS_GAMES""]","[""weekend-use"",""clean"",""study"",""audio""]",true,2279,57,121,,,"[{""startDate"":""2026-04-06T02:50:23.198Z"",""endDate"":""2026-04-08T02:50:23.198Z"",""status"":""AVAILABLE""},{""startDate"":""2026-04-11T02:50:23.198Z"",""endDate"":""2026-04-15T02:50:23.198Z"",""status"":""AVAILABLE""}]"
Digital Camera #099,Digital Camera in like new condition.,LIKE_NEW,RENTED,PER_DAY,340,5011,false,Reliable performance for school or home tasks.,"Main unit, charger/accessory kit, and carrying case.",,Return cleaned and on time; indoor use preferred.,https://picsum.photos/seed/item-99/640/480,"[""https://picsum.photos/seed/item-99/640/480"",""https://picsum.photos/seed/item-99-a/1024/768"",""https://picsum.photos/seed/item-99-b/1024/768""]","[""PET_SUPPLIES"",""BOOKS"",""VEHICLES_ACCESSORIES""]","[""study"",""clean"",""portable""]",true,1238,9,14,,,"[{""startDate"":""2026-03-05T02:50:23.198Z"",""endDate"":""2026-03-07T02:50:23.198Z"",""status"":""AVAILABLE""},{""startDate"":""2026-03-10T02:50:23.198Z"",""endDate"":""2026-03-14T02:50:23.198Z"",""status"":""AVAILABLE""}]"
Microwave Oven #100,Microwave Oven in good condition.,GOOD,AVAILABLE,PER_HOUR,246,7197,false,Reliable performance for school or home tasks.,"Main unit, charger/accessory kit, and carrying case.",,Return cleaned and on time; indoor use preferred.,https://picsum.photos/seed/item-100/640/480,"[""https://picsum.photos/seed/item-100/640/480"",""https://picsum.photos/seed/item-100-a/1024/768"",""https://picsum.photos/seed/item-100-b/1024/768""]","[""VEHICLES_ACCESSORIES"",""ELECTRONICS"",""FURNITURE""]","[""audio"",""study"",""weekend-use"",""kitchen""]",false,623,3,19,,,"[{""startDate"":""2026-03-13T02:50:23.198Z"",""endDate"":""2026-03-15T02:50:23.198Z"",""status"":""AVAILABLE""},{""startDate"":""2026-03-18T02:50:23.198Z"",""endDate"":""2026-03-22T02:50:23.198Z"",""status"":""AVAILABLE""}]"
